;;;;;;;;;;;;;;;;;;;;;;;;;;;;;;;;;;;;;;;;
;;;;;;;;;;;;;;;;;;;;;;;;;;;;;;;;;;;;;;;;
;;;;;;;;;;;;;;;;;;;;;;;;;;;;;;;;;;;;;;;;
;;;;;;;;;;;;;;;;;;;;;;;;;;;;;;;;;;;;;;;;
;;;;;;;;;;;;;;;;;;;;;;;;;;;;;;;;;;;;;;;;
Cédula;Nombre;Correo;Nombre del Cargo Oficial;Desarrollo;Rol;% participación;Célula;Lider;Empresa;Udemy;ARL;Ciudad;Fecha de Cumpleaños;Mes Cumple;Dirección;Barrio;Telefono Fijo;Tel Celular;Contacto adicional;N° contacto adicional;Fecha Ingreso;N° Renovaciones;Fecha de renovación Actual;Fecha Vto Contrato;Inducción;Plan de entrenamiento;Fecha Vto PP;PP;Visual;Estado;VAC - Inicio;VAC - Final;VAC - Reintegro;Mes vacaciones;Saldo de vacaciones para 2025;Días tomados 2025;Días pte por disfrutar 2025;Horario de Trabajo;Observaciones
1023928928;Yuri Andrea Espinoza Serrato;yespinoza@aportesenlinea.com;ANALISTA III INGENIERO DE DESARROLLO SENIOR;SI;Ingeniero/LT;100%;Enterprise Team;;AEL;;;;02/05/2023;Mayo;Calle 150A 96A 71 Torre 2 Apto 301;Suba - La Campiña;;3046546804;Oscar Pulido;3505654004;02/05/2023;0;;;SI;SI;;;SI;Activo;;;;;;;;;;
1018471934;Yenny Liliana Sánchez Alfonso;ysanchez@aportesenlinea.com;ANALISTA III PRODUCT OWNER TECNICO;SI;PO Técnico;100%;Nova;;SOPHOS;;;;15/04/2025;Abril;Dg 77b #116-51;Gran granada;;3209010380;Yeraldy Sánchez;3235843491;15/04/2025;0;;;SI;SI;;;SI;Activo;;;;;;;;;;
1010093635;Sergio Alejandro Genoy Cepeda;sgenoy@aportesenlinea.com;ANALISTA II ADMINISTRATIVO DE DESARROLLO;SI;Analista;100%;Administrativo;;AEL;;;;10/11/2025;Noviembre;Calle 76 #28A - 41;La Aurora Norte;;3163536872;Beatriz Merchan;3163520351;10/11/2025;0;;;SI;SI;;;SI;Activo;;;;;;;;;;
1030635496;Amy Johanna Leal Camacho;aleal@aportesenlinea.com;ANALISTA II QA;SI;QA;100%;Bon Voyage;;SQA;;;;08/11/2022;Noviembre;Carrera 95A N° 26-38 Sur;Tierra buena - Kennedy;;3183105901;Luis Alberto Bernal Pico;3212043828;08/11/2022;0;;;SI;SI;;;SI;Activo;;;;;;;;;;
80174594;Wilmar Fernando Ramirez Esquivel;wramirez@aportesenlinea.com;ANALISTA II QA;SI;QA;100%;MindShift;;SQA;;;;25/09/2023;Septiembre;Carrera 116 b No 72 f 70;Gran Granada;;3112074908;;;;;;25/09/2023;0;;;SI;SI;;;SI;Activo;;;;;;;;;;
1140870751;Wilmar Andres Mendoza Polo;wmendoza@aportesenlinea.com;ANALISTA II INGENIERO DE DESARROLLO SEMI-SENIOR;SI;Ingeniero/LT;100%;Wakanda;;AEL;;;;21/06/2021;Junio;Carrera 45 #70-116 Apto 1;Boston;;3057244867;;;;;;21/06/2021;0;;;SI;SI;;;SI;Activo;;;;;;;;;;
1085297237;Viviana Andrea López Rodriguez;vlopez@aportesenlinea.com;ANALISTA III PRODUCT OWNER TÉCNICO;SI;PO Técnico;100%;MindShift;;AEL;;;;01/01/2023;Enero;;;;;;;;;;;01/01/2023;0;;;SI;SI;;;SI;Activo;;;;;;;;;;
1033720903;Sneider Giovanny Rios Arboleda;srios@aportesenlinea.com;ANALISTA II INGENIERO DE DESARROLLO SEMI-SENIOR;SI;Ingeniero;100%;Nova;;PERIFERIA IT;;;;28/06/2024;Junio;Carrera 87a # 128b - 80;ciudad Hunza;;3228749734;;;;;;28/06/2024;0;;;SI;SI;;;SI;Activo;;;;;;;;;;
1065817149;Brayan Alberto Badillo Diaz;bbadillo@aportesenlinea.com;ANALISTA II INGENIERO DE DESARROLLO SEMI-SENIOR;SI;Ingeniero;100%;Bon Voyage;;PERIFERIA IT;;;;04/09/2024;Septiembre;Manzana E casa 39 urbanización casa carmelo;Urbanización casa carmelo etapa 1;;3158596128;Yuri Cárdenas Afanador;3127668099;04/09/2024;0;;;SI;SI;;;SI;Activo;;;;;;;;;;
80075269;Saulo Ferney Barbosa Pulido;sbarbosa@aportesenlinea.com;COORDINADOR ARQUITECTO DE SOFTWARE;SI;Arquitecto;100%;MindShift;;AEL;;;;01/11/2019;Noviembre;Calle 92 # 11 - 32 Apt 304 Edificio Cervantes IV;Chicó Norte;;3102359084;;;;;;01/11/2019;0;;;SI;SI;;;SI;Activo;;;;;;;;;;
1000874819;Santiago Eusse Gil;seusse@aportesenlinea.com;ANALISTA II DEVSECOPS SEMI SENIOR;SI;Ingeniero;100%;DEVSECOPS;;AEL;;;;10/04/2023;Abril;Carrera 47a #44-46 apto 301. Edificio Genus;Manchester;;3197994175;Adriana Gil Arango;3015971650;10/04/2023;0;;;SI;SI;;;SI;Activo;;;;;;;;;;
52964246;Sandra Rocio Tovar Avendano;stovar@aportesenlinea.com;DIRECTOR SERVICIOS ESPECIALIZADOS;SI;Sponsor;100%;Enterprise Team;;AEL;;;;11/08/2008;Agosto;;;;;;;;;;;11/08/2008;0;;;SI;SI;;;SI;Activo;;;;;;;;;;
1082864596;Rubiden Stiven Diaz Granados;rdiaz@aportesenlinea.com;ANALISTA II INGENIERO DE DESARROLLO SEMI-SENIOR;SI;Ingeniero/LT;100%;Seguridad;;SOPHOS;;;;10/02/2022;Febrero;Calle 1sur #50g-37 Apto 201;Cristo rey;;3003246924;Sebastián Mora;3004717897;10/02/2022;0;;;SI;SI;;;SI;Activo;;;;;;;;;;
80920988;Alex Fernando Caro López;acaro@aportesenlinea.com;ANALISTA II INGENIERO DE DESARROLLO SEMI-SENIOR;SI;ingeniero;100%;Nova;;PERIFERIA IT;;;;21/03/2025;Marzo;Calle 26 # 50 - 43;Alejandría;;3212704388;Camila Briñez Velásquez;3212464673;21/03/2025;0;;;SI;SI;;;SI;Activo;;;;;;;;;;
80127568;Robert Ricardo Ramirez Rojas;rramirez@aportesenlinea.com;GERENTE DE TRANSFORMACIÓN DIGITAL;SI;Sponsor;100%;DEVSECOPS;;AEL;;;;01/01/2020;Enero;;;;;;;;;;;01/01/2020;0;;;SI;SI;;;SI;Activo;;;;;;;;;;
1012317652;Diego Moreno Arce;damoreno@aportesenlinea.com;ANALISTA II INGENIERO DE DESARROLLO SEMI-SENIOR;SI;Ingeniero;100%;Aurora;;STEFANINI;;;;02/01/2025;Enero;Calle 78 Bis Sur 94 - 27 Torre 24 Apto 4091;Bosa Parques de Bogotá;;3123810394;Diana Restrepo Casas;3204060334;02/01/2025;0;;;SI;SI;;;SI;Activo;;;;;;;;;;
1083023296;Ricardo Jose Alcala;ralcala@aportesenlinea.com;ANALISTA II INGENIERO DE DESARROLLO SEMI-SENIOR;SI;Ingeniero;100%;Data Stargazers;;AEL;;;;26/04/2021;Abril;Transversal 9C #34-161;Urbanización Alejandrina;;3046453177;;;;;;26/04/2021;0;;;SI;SI;;;SI;Activo;;;;;;;;;;
1007165946;Orlando Delgado Pinzon;odelgado@aportesenlinea.com;ANALISTA II INGENIERO DE DESARROLLO SEMI-SENIOR;SI;Ingeniero;100%;Wakanda;;PERIFERIA IT;;;;16/01/2025;Enero;Cll126 # 9 - 43;Conjunto Monte bonito Torre E - 502;;3227045897;Luz Stella Pinzon Sierra;3112687034;16/01/2025;0;;;SI;SI;;;SI;Activo;;;;;;;;;;
1023918569;Nestor Eduardo Sanchez Torres;nsanchez@aportesenlinea.com;ANALISTA III INGENIERO DE DESARROLLO SENIOR;SI;Ingeniero/LT;100%;MindShift;;STEFANINI;;;;15/07/2021;Julio;CRA 103A# 131A -66;LAGO DE SUBA;;3005487391;Laura Andrea Muñoz;3022883237;15/07/2021;0;;;SI;SI;;;SI;Activo;;;;;;;;;;
52765886;Monica Astrid Gutierrez Gutierrez;mgutierrez@aportesenlinea.com;ANALISTA III PRODUCT OWNER TÉCNICO;SI;PO Técnico;100%;Polaris Software Team;;AEL;;;;01/01/2022;Enero;;;;;;;;;;;01/01/2022;0;;;SI;SI;;;SI;Activo;;;;;;;;;;
